id,source_index,name,class,weapon,families,compatibility_status,level,ap_cost,ap_cap,ap_completeness,solver_compatible,median_id_skillpoints_feasible,source_url,current_builder_url,atree_warning,local_error
nori-mage-riptide-3d6d7a3c1a7f,0,Riptide pot-healing raid oriented,Mage,Riptide,spell_sustained|support,current_functional_solver_seed,121,50,50,1,true,true,https://wynnbuilder-beta.github.io/builder/#CV013teF-Fs8vCnBbs9KJArnE4sXeW2n7HgPA+UrhgMrgMrsanicrfErgLDk303jrKZUwt7-rqwVS,https://wynnbuilder.github.io/builder/#CX013teF-Fs8vCnBbs9KJArnE4sXeW2n7HgPA+UrhgMrgMrsanicrfErgLDk303jrKZUwt7-rqwVS,,
nori-mage-riptide-2eb8e3bb7acd,1,The greedy sustaining Vacuum-cleaner for lootrun (and raids),Mage,Riptide,spell_sustained|lootrun,migrated_incomplete_atree,121,19,50,0.38,false,true,https://wynnbuilder-beta.github.io/builder/#CV013tm1QoDEB5JHuWTAbuO724GmwauZ8rCb+xLlgQLhQLRJ5pQMdwKpMsQejETqfs+vBTh-p1,https://wynnbuilder.github.io/builder/#CX013tm1QoDEB5JHuWTAbuO724GmwauZ8rCb+xLlgQLhQLRJ5pQMdwKpMsQejETqfs+vB,,
nori-mage-trance-6da753a46741,2,"Ultimate craft-amplified Trance TF built for lootrun ""spell-'caster"" Meta Demolition",Mage,Trance,spell_sustained|melee|lootrun,broken_current_atree,,48,50,0.96,false,,https://wynnbuilder-beta.github.io/builder/#CVG4ufucqlututytid81R47JS3Bd76t47nY5z8W9XD1x8A1VXJPIH2Y0c4s4iZe4y5Eb959W2AH0JoZ1sHK2sXPodY4m8lRoFQHhgLjgLjBLSiZTgJjPDJU0X0mSh-yNRk-ThrHhZQq0,https://wynnbuilder.github.io/builder/#CXG4ufucqlututytid81R47JS3Bd76t47nY5z8W9XD1x8A1VXJPIH2Y0c4s4iZe4y5Eb959W2AH0JoZ1sHK2sXPodY4m8lRoFQHhgLjgLjBLSiZTgJjPDJU0X0mSh-yNRk-ThrHhZQq0,"ATree Error!Orphion's Pulse: blocked by: ""Arcane Transfer""Resilient Light: missing dep: ""Ophanim""",decodeCraft is not defined
nori-mage-trance-e9372dd95f70,3,Trance TF Lootrun viable,Mage,Trance,melee|lootrun,broken_current_atree,121,48,50,0.96,false,true,https://wynnbuilder-beta.github.io/builder/#CV0oCt8gZ9kXbp3ZRYZOnYE60m005KGF8Zyk9-e5jgMrgMrkKnnEsfErcrCb10pj+pVjv+tjM7jEgH3,https://wynnbuilder.github.io/builder/#CX0oCt8gZ9kXbp3ZRYZOnYE60m005KGF8Zyk9-e5jgMrgMrkKnnEsfErcrCb10pj+pVjv+tjM7jEgH3,"ATree Error!Orphion's Pulse: blocked by: ""Arcane Transfer""Resilient Light: missing dep: ""Ophanim""",
nori-warrior-ascendancy-0ceb1246e7e9,4,Paladin Ascendancy,Warrior,Ascendancy,unclassified,broken_current_atree,121,14,50,0.28,false,true,https://wynnbuilder-beta.github.io//builder/#CU0XJnDJ0F1X5n66smWy4qmmTpRSvtsVWhtKqC3,https://wynnbuilder.github.io//builder/#CX0XJnDJ0F1X5n66smWy4qmmTpRSvtsVWh7,"ATree Error!Tougher Skin: blocked by: ""Vehement""War Scream: not reachableFire Mastery: not reachableBak'al's Grasp: missing dep: ""War Scream""Spear Proficiency II: not reachable... 8 errors not shown",
nori-mage-warden-eb51477dc950,5,Warden Mage Levelling,Mage,Warden,unclassified,current_functional_non_endgame,81,39,39,1,false,true,https://wynnbuilder-beta.github.io/builder/#CU0lbmh94N2jbmIFMwnS2qvWFlDuEgtpJ-Xx3,https://wynnbuilder.github.io/builder/#CX0lbmh94N2jbmIFMwnS2qvWFlDuEgtpJ-Xx3,,
nori-mage-warden-f86e83ba3eb9,6,Arcanist fake Rainbow Warden,Mage,Warden,spell_sustained,current_functional_solver_seed,121,50,50,1,true,true,https://wynnbuilder-beta.github.io/builder/#CU0m-WvGy+3CnWbHiCIlHMFYFlKwwC5eG0uzyqVu+F6,https://wynnbuilder.github.io/builder/#CX0m-WvGy+3CnWbHiCIlHMFYFlKwwC5eG0uzyqVu+F6,,
nori-shaman-cross-cut-ee1b062ba3d0,7,Acolyte Fast Hybrid Cross Cut,Shaman,Cross-Cut,hybrid,current_functional_solver_seed,121,50,50,1,true,true,https://wynnbuilder-beta.github.io/builder/#CU0oqW5GOm3rQWbHiCIlHQdm4pDEJ20UFixh-Fz0,https://wynnbuilder.github.io/builder/#CX0oqW5GOm3rQWbHiCIlHQdm4pDEJ20UFixh-Fz0,,
nori-shaman-sunstar-14d1ec696616,8,Acolyte Heavy Hybrid Sunstar,Shaman,Sunstar,hybrid,current_functional_solver_seed,121,50,50,1,true,true,https://wynnbuilder-beta.github.io/builder/#CU09DG6GmH4SQG762e066mlHkcDSg40yUOtN-Vw1,https://wynnbuilder.github.io/builder/#CX09DG6GmH4SQG762e066mlHkcDSg40yUOtN-Vw1,,
nori-shaman-scattered-psyche-ce0678631502,9,Summoner Scattered Psyche,Shaman,Scattered Psyche,spell_sustained,current_functional_builder_only,121,50,50,1,false,false,https://wynnbuilder-beta.github.io/builder/#CT0k21-CCI4mRWjHiDIhJOFYVpKu468C0e-f6+37lIH30,https://wynnbuilder.github.io/builder/#CX0k21-CCI4mRWjHiDIhJOFYVpKu468C0e-f6+37lIH30,,
nori-shaman-monarch-68fc43c611e9,10,Summoner Monarch,Shaman,Monarch,spellsteal,current_functional_solver_seed,121,50,50,1,true,true,https://wynnbuilder-beta.github.io/builder/#CT00+WEJmH4SQWcHqCYrHq3o7pREf10+Vg+1pBDh0,https://wynnbuilder.github.io/builder/#CX00+WEJmH4SQWcHqCYrHq3o7pREf10+Vg+1pBDh0,,
nori-mage-malevolent-urge-44458012e184,11,Arcanist Malevolent Urge,Mage,Malevolent Urge,spell_sustained,current_functional_solver_seed,121,50,50,1,true,true,https://wynnbuilder-beta.github.io/builder/#CT02E1dFuH4iwmeH6D2qHO3YvlRoBld7-3t-n0,https://wynnbuilder.github.io/builder/#CX02E1dFuH4iwmeH6D2qHO3YvlRoBld7-3t-n0,,
nori-mage-halcyon-9f0e249c14f6,12,Lightbender Halcyon,Mage,Halcyon,support,broken_current_atree,121,41,50,0.82,false,true,https://wynnbuilder-beta.github.io/builder/#CT0g2nDJWI4jWWfJCTIhJEGoupDXZG1W+v4qFpySz0,https://wynnbuilder.github.io/builder/#CX0g2nDJWI4jWWfJCTIhJEGoupDXZG1W+v4qFpyS1,"ATree Error!Wisdom: blocked by: ""Wand Proficiency II""",
nori-warrior-guardian-fb8a16a7f00c,13,Guardian Support,Warrior,Guardian,support,broken_current_atree,121,19,50,0.38,false,true,https://wynnbuilder-beta.github.io/builder/#CT00EnaFmC3OQGTAa4oQGAZHtqRj3Q9iAWUR-1-UI7C1,https://wynnbuilder.github.io/builder/#CX00EnaFmC3OQGTAa4oQGAZHtqRj3Q9iAWUR-1-U2,"ATree Error!Tougher Skin: blocked by: ""Vehement""Bak'al's Grasp: missing dep: ""War Scream""Air Shout: missing dep: ""War Scream""Spear Proficiency II: not reachableIntoxicating Blood: missing dep: ""Bak'al's Grasp""... 8 errors not shown",
nori-shaman-hadal-49b8f91e786c,14,acolyte hadal,Shaman,Hadal,unclassified,broken_current_atree,121,44,50,0.88,false,true,https://wynnbuilder-beta.github.io/builder/#CT0e1Ev0Gya39nJEXQEvaSZaRqw4-SWg9buI-k7zUOkda0,https://wynnbuilder.github.io/builder/#CX0e1Ev0Gya39nJEXQEvaSZaRqw4-SWg9buI-k7zUOk7,"ATree Error!Hand of the Shaman: blocked by: ""Distant Grasp""",
nori-mage-quetzalcoatl-8a9a1c82332f,15,Riftwalker Quetzalcoatl,Mage,Quetzalcoatl,unclassified,broken_current_atree,121,33,50,0.66,false,true,https://wynnbuilder-beta.github.io/builder/#CT0-2HyGiK4VJnKEcoH15aGIFk6uqAWy0uzyYCflkEm6,https://wynnbuilder.github.io/builder/#CX0-2HyGiK4VJnKEcoH15aGIFk6uqAWy0uzyYCfl,"ATree Error!Incandescence: missing dep: ""Ophanim""",
nori-mage-monster-7964e1aa2e82,16,Riftwalker Monster,Mage,Monster,unclassified,broken_current_atree,121,33,50,0.66,false,true,https://wynnbuilder-beta.github.io/builder/#CT0h2H5GuH4O5ngHMDI15MbXicRSA30yUUHcqtQTY2,https://wynnbuilder.github.io/builder/#CX0h2H5GuH4O5ngHMDI15MbXicRSA30yUUHcqN,"ATree Error!Incandescence: missing dep: ""Ophanim""",
nori-mage-trance-b344856b6a0e,17,Riftwalker Trance,Mage,Trance,melee,broken_current_atree,,39,50,0.78,false,,https://wynnbuilder-beta.github.io/builder/#CT0oCtOJEqhsuymucDTYBUpcU4WTWTWTWTWTWTCfa0H0s1s1s1s1s1snaI2GvHomm8lDbJV0W+tjsgfkaX1,https://wynnbuilder.github.io/builder/#CX0oCtOJEqhsuymucDTYBUpcU4WTWTWTWTWTWTCfa0H0s1s1s1s1s1snaI2GvHomm8lDbJV0W+tjsgfk,"ATree Error!Wisdom: blocked by: ""Wand Proficiency II""Resilient Light: missing dep: ""Ophanim""",decodeCraft is not defined
nori-warrior-idol-b764f02f050a,18,PalaMonk Idol,Warrior,Idol,spell_sustained,current_functional_builder_only,,50,50,1,false,,https://wynnbuilder-beta.github.io/builder/#CT0e1Iv0sCb7169v8OCI6tDj77AIGA7UDfS6e41TCi9TCi9i9i9JA90jEXz8gQInbsZleD6RQMm6,https://wynnbuilder.github.io/builder/#CX0e1Iv0sCb7169v8OCI6tDj77AIGA7UDfS6e41TCi9TCi9i9i9JA90jEXz8gQInbsZleD6RQMm6,,decodeCraft is not defined
nori-assassin-architect-9f80b7e3ff93,19,Architect Trickster,Assassin,Architect,unclassified,current_functional_builder_only,121,48,50,0.96,false,false,https://wynnbuilder-beta.github.io/builder/#CT0+2l9Fe3l9FIWkvy2zcuiQaLZKG1OeW1z6SvVkdKcF+AJA0,https://wynnbuilder.github.io/builder/#CX0+2l9Fe3l9FIWkvy2zcuiQaLZKG1OeW1z6SvVkdKcF+AJ2,,
nori-archer-stratiformis-7fcea060cc81,20,RawFish Strati Sharpshooter (Fruma),Archer,Stratiformis,unclassified,migrated_incomplete_atree,121,20,50,0.4,false,true,https://wynnbuilder-beta.github.io/builder/#CT0oqG2EuY3c5HgJITI15amWtqYSU20y+C+uJ7rjA,https://wynnbuilder.github.io/builder/#CX0oqG2EuY3c5HgJITI15amWtqYSU20y+C+0,,
nori-shaman-sunstar-6e555d569fb2,21,Tstack sunstar ritualist,Shaman,sunstar,tierstack,current_functional_builder_only,,50,50,1,false,,https://wynnbuilder-beta.github.io/builder/#CTG48g8OOQWcWcWcec810Y2K21VDmq2cMm-6PO8Np6E94Q70QFsSjihy2q1,https://wynnbuilder.github.io/builder/#CXG48g8OOQWcWcWcec810Y2K21VDmq2cMm-6PO8Np6E94Q70QFsSjihy2q1,,decodeCraft is not defined
nori-archer-freedom-077f64376637,22,Freedom Boltslinger 2,Archer,freedom,unclassified,broken_current_atree,121,30,50,0.6,false,false,https://wynnbuilder-beta.github.io/builder/#CT0dpAgEh3BgEB5Jvy3Cb+awaKdKGXuZ0g9bob-nx7c7TSE40,https://wynnbuilder.github.io/builder/#CX0dpAgEh3BgEB5Jvy3Cb+awaKdKGXuZ0g9bob-nx7c7,"ATree Error!Power Shots: blocked by: ""Double Shots""More Traps: missing dep: ""Basaltic Trap""",
nori-archer-freedom-6d01313de220,23,Freedom Boltslinger,Archer,Freedom,unclassified,broken_current_atree,106,13,45,0.28888888888888886,false,false,https://wynnbuilder.github.io/builder/#CM0dp0-CuY3O6W10C0GnEam0ecNfB-Jx7s3wXT2,https://wynnbuilder.github.io/builder/#CX0dp0-CuY3O6W10C0GnEam0ecQItgzFj1,"ATree Error!Power Shots: blocked by: ""Double Shots""",
nori-mage-trance-cded1c035070,24,Cstack trance perilous flare riftcanist,Mage,trance,spell_sustained,migrated_incomplete_atree,,30,50,0.6,false,,https://wynnbuilder-beta.github.io/builder/#CT08+kvGlQZp3ZDE+QkvH0s1s1s1sH42sna2041O7O7O7O7H8O7JA00b7H27Zyk9lnFNe-ThbQg39C0,https://wynnbuilder.github.io/builder/#CX08+kvGlQZp3ZDE+QkvH0s1s1s1sH42sna2041O7O7O7O7H8O7JA00b7H27Zyk9lnFNe-ThbQ0,,decodeCraft is not defined
nori-mage-trance-3b43d5dc3703,25,Budget cstack trance perilous flare riftcanist,Mage,trance,spell_sustained,migrated_incomplete_atree,120,30,50,0.6,false,true,https://wynnbuilder-beta.github.io/builder/#CT08+kvGlQZp3ZDE+Qkvqg230KGXCCCoxcyOP0YVkG-xMBrK7IO0,https://wynnbuilder.github.io/builder/#CX08+kvGlQZp3ZDE+Qkvqg230KGXCCCoxcyOP0YVkG-xMBr0,,
nori-archer-revolution-5188c87734e2,26,Moirai Revolution,Archer,Revolution,unclassified,migrated_incomplete_atree,121,19,50,0.38,false,true,https://wynnbuilder-beta.github.io//builder/#CT04E1OJOI4Z5XjHiDYmHml1TpKSo4GK0yUC+uJ7rpY0,https://wynnbuilder.github.io//builder/#CX04E1OJOI4Z5XjHiDYmHml1TpKSo4GK0yUC+0,,
nori-mage-trance-08bc93a4abef,27,Riftbender Trance,Mage,Trance,unclassified,broken_current_atree,121,37,50,0.74,false,false,https://wynnbuilder-beta.github.io/builder/#CT0831zAym0+QWfHCDY57omm8lRoBjdRjLJT93F,https://wynnbuilder.github.io/builder/#CX0831zAym0+QWfHCDY57omm8lRoBjdRjLJT,"ATree Error!Resilient Light: missing dep: ""Ophanim""",
nori-archer-ignis-a76eb2829574,28,Boreal Ignis,Archer,ignis,unclassified,not_wynnbuilder_link,,,,0,false,,https://rawfish69.github.io/build-solver/?wb=N4IgziBcoBZQLAJgGzIDQgMYIIwE54MAbKZABgA4MAjKHZCgdgwCccEBWRRVxT7mizoBmShgB2nPDgwB3OozLIAvsTqIyGbJHEBXIkQxwd%2BosqA,,,
nori-shaman-oak-wood-relik-02095cc1e687,29,loot bonus armors / accessories (crafted recipes),Shaman,oak wood relik,lootrun,migrated_incomplete_atree,,1,50,0.02,false,,https://wynnbuilder-beta.github.io/builder/#COG48gebebebebebec8100W8GBHBHBHBHBHBXDH20000082sJCJsJsJOICJWJa00041c9j8j8x9c9j8n9IG4SOOmOmWdOmWduc8504,https://wynnbuilder.github.io/builder/#CXG48gebebebebebec8100W8GBHBHBHBHBHBXDH20000082sJCJsJsJOICJWJa00041c9j8j8x9c9j8n9IG4SOOmOmWdOmWduc8504,,decodeCraft is not defined
nori-warrior-black-amaranth-64e0973a0fd5,30,(Mythicless) Black Amaranth Bashscream Fallen EWA,Warrior,Black Amaranth,spellsteal,migrated_incomplete_atree,106,17,45,0.37777777777777777,false,true,https://wynnbuilder.github.io/builder/#CN0G2MS61kuKEPn1utkJy5Gt1LEOympY5z9N0mlxKs-kJ3,https://wynnbuilder.github.io/builder/#CX0G2MuC2SXJva5E0-6w4V1qTGb36FyiOX+aB0gslx4,,
nori-shaman-the-end-3f999d71d08e,31,(Mythicless) The End Acolyte ETWA,Shaman,The End,spellsteal|spell_sustained|support,broken_current_atree,106,25,45,0.5555555555555556,false,true,https://wynnbuilder.github.io/builder/#CN0G2G0EC34-vmKEco1AGOGWmi5d21720-xpsUex20,https://wynnbuilder.github.io/builder/#CX0G2G0EC34-vmKEco1AGOGWmi5E52E4WgzlFRx1,ATree Error!Frog Dance: Ritualist: 3 < 4Artist's Immersion: not reachableTotemic Shatter: not reachableMasquerade: Ritualist: 3 < 4Vengeful Spirit: not reachable,
nori-mage-starburst-e7955c6b310a,32,(Mythicless) Starburst Lightbender WFA,Mage,Starburst,spell_sustained|support,migrated_incomplete_atree,106,14,45,0.3111111111111111,false,false,https://wynnbuilder.github.io/builder/#CN0oqGsF8t2zTGoDAln45EQHFiTkqFUQgMxqO1,https://wynnbuilder.github.io/builder/#CX0oqGsF8t2zTGoDAln45EQHFiXShM-u1,,
nori-mage-lament-ac27f5c74b49,33,Tanky Gentle Glow Lament Lightbender TWF,Mage,Lament,spellsteal|spell_sustained|support,migrated_incomplete_atree,,14,45,0.3111111111111111,false,,https://wynnbuilder.github.io/builder/#CN0TlWu4Ol3zT41c9c9h9h9h9h9m9IG4OcOcicicicic0d81GX92CJCJMJMJMJMJYJa0UrCo1L2G-uXfQb20,https://wynnbuilder.github.io/builder/#CX0TlWu4Ol3zT41c9c9h9h9h9h9m9IG4OcOcicicicic0d81GX92CJCJMJMJMJMJYJa0UrSY3g4eQzZ7,,decodeCraft is not defined
nori-mage-cerberus-79b66f227a21,34,Cerberus Intless Spellsteal Riftwalker,Mage,Cerberus,spellsteal|spell_sustained,migrated_incomplete_atree,106,0,45,0,false,true,https://wynnbuilder.github.io/builder/#CN0X60uFmE1SQmZ3USmrE4KWAlBSc60y-jtsNx2,https://wynnbuilder.github.io/builder/#CX0X60uFmE1SQmZ3USmrE4KWAlCuCD0g6,,
nori-mage-lament-e89ba78e02a3,35,Lament Riftbender TWFA,Mage,lament,spell_sustained|support,migrated_incomplete_atree,106,14,45,0.3111111111111111,false,true,https://wynnbuilder.github.io/builder/#CN0vA025Kq0yQ00FwY1t8uMmhcHEJ00w7FDLhTQi0,https://wynnbuilder.github.io/builder/#CX0vA025Kq0yQ00FwY1t8uMmhcJSc00LhVy0,,
nori-warrior-wybel-horn-spear-5586d01bab00,36,warrior xp grind,Warrior,Wybel Horn Spear,unclassified,broken_current_atree,106,42,45,0.9333333333333333,false,true,https://wynnbuilder.github.io/builder/#CN0QZMElW69SQxywqBubZ24KW016IgGmjtwGn0T2ipehExhRFksw5s41R,https://wynnbuilder.github.io/builder/#CX0QZMSU1TYmfjJDdU1rue0158GWXaA4ShMTeOWE1LlpehExhRFksw5s41R,ATree Error!Massive Bash: Fallen: 0 < 7,
nori-warrior-harwrol-8c9493b97696,37,first endgame warrior build,Warrior,Harwrol,unclassified,current_load_failure,121,,,0,false,false,https://wynnbuilder.github.io/builder/#CN0826T2mzY37kHSmryo114BueA7dJWaoEVnAMuAtu2NPkuswsxUNrgMVEwgxywtxvFDCwY2,https://wynnbuilder.github.io/builder/#CN0826T2mzY37kHSmryo114BueA7dJWaoEVnAMuAtu2NPkuswsxUNrgMVEwgxywtxvFDCwY2,,
nori-warrior-guardian-b21156b0f123,38,cheap blood guard,Warrior,Guardian,unclassified,broken_current_atree,106,16,45,0.35555555555555557,false,true,https://wynnbuilder.github.io/builder/#CN0O0VT63+w4cur1JpBd77mz3v9K63JDlSzJutsVWRdav0,https://wynnbuilder.github.io/builder/#CX0O0hvC6icJOYQEOQgnvn1S-GU2bnmKJDkL-JutsVWRd4,"ATree Error!Tougher Skin: blocked by: ""Vehement""Mantle of the Bovemists: missing dep: ""War Scream""Bak'al's Grasp: missing dep: ""War Scream""Spear Proficiency II: not reachableManachism: not reachable... 9 errors not shown",
nori-warrior-guardian-a1044ca8c824,39,full crafted pala huic,Warrior,guardian,unclassified,current_load_failure,,,,0,false,,https://wynnbuilder.github.io/builder/#CNG4iZiZ0X0XiZuoec81ly8O7P71212P7nbvCH2UvHWQYEISIEYQYE2RY4yoZ0r4TauaS4r4T4o49ub71z9c9KDz9z9z4W9IG4qdOcGrqdqdqJ0c81HGVYP2LJVIVIFXMY441z9c9KDz9z9z4T9IG4CZuoaZuomnuoCd850ly5hOXhSZBSXvYRhRlxTLhQzv4xCrsVFOtlxNA,https://wynnbuilder.github.io/builder/#CNG4iZiZ0X0XiZuoec81ly8O7P71212P7nbvCH2UvHWQYEISIEYQYE2RY4yoZ0r4TauaS4r4T4o49ub71z9c9KDz9z9z4W9IG4qdOcGrqdqdqJ0c81HGVYP2LJVIVIFXMY441z9c9KDz9z9z4T9IG4CZuoaZuomnuoCd850ly5hOXhSZBSXvYRhRlxTLhQzv4xCrsVFOtlxNA,,decodeCraft is not defined
nori-warrior-idol-ef4b30ec8975,40,Cheap Idol,Warrior,Idol,unclassified,migrated_incomplete_atree,106,29,45,0.6444444444444445,false,true,https://wynnbuilder.github.io/builder/#CN0e16T+3Co1Pt+vKpe3w86e056kmWgczglqUzhqqacmE,https://wynnbuilder.github.io/builder/#CX0e1Evy7u47aT3FdQEvWEY1AGXXBCegPOrtgrUzhqK,,
nori-warrior-idol-73bc84e6b47e,41,Idol dps,Warrior,Idol,unclassified,migrated_incomplete_atree,,28,45,0.6222222222222222,false,,https://wynnbuilder.github.io/builder/#CN0e16T+3Co1Pt+vKp8F2aEaEaEaEaEaEWJaW8GwGwGwGwGwGw0EH2Y0f3f3f3f3f3f3p4982aEaEaEaEaEaEYJa0KriNzbshVHJJM5s1,https://wynnbuilder.github.io/builder/#CX0e1Evy7u47aT3FdQEnZ0f3f3f3f3f3f3u4982aEaEaEaEaEaEWJaW8GwGwGwGwGwGwmCH2Y0f3f3f3f3f3fZu490LD3h+MjshVHJ,,decodeCraft is not defined
nori-warrior-guardian-90a1f11cad3e,42,guard full support,Warrior,Guardian,support,current_load_failure,,,,0,false,,https://wynnbuilder.github.io/builder/#CN0F+UT8gywODvzWfvbp66smmw4qmWfcN+YLimLkn5ENSRTxTlhQLhFdOdfs+x1x+T-I1,https://wynnbuilder.github.io/builder/#CN0F+UT8gywODvzWfvbp66smmw4qmWfcN+YLimLkn5ENSRTxTlhQLhFdOdfs+x1x+T-I1,,decodeCraft is not defined
nori-warrior-idol-d6a56c137307,43,Idol lr,Warrior,idol,spell_sustained|lootrun,current_load_failure,,,,0,false,,https://wynnbuilder.github.io/builder/#CN0e1UT4diuHGMIMoononHoH2RY4ipnMpBF2OJOJOJOJuIuIWJaW8WDXDXDXDXBXB1EH2W23NOGLp8VnAMuAtu2NOkuswsxUNrgMVEnEJjzshVHJJM5s1,https://wynnbuilder.github.io/builder/#CN0e1UT4diuHGMIMoononHoH2RY4ipnMpBF2OJOJOJOJuIuIWJaW8WDXDXDXDXBXB1EH2W23NOGLp8VnAMuAtu2NOkuswsxUNrgMVEnEJjzshVHJJM5s1,,decodeCraft is not defined
nori-warrior-guardian-bfdb9d04fbf9,44,blood guard,Warrior,guardian,unclassified,broken_current_atree,,16,45,0.35555555555555557,false,,https://wynnbuilder.github.io/builder/#CN0O0VT8gyw4cur1JpBF2wJCJeQwJwJw90JaW8eFnCXgfFfFfd0CH2eWI4qdOcGrqdqdqJqb81OgvbhXgP+jz7us9PE,https://wynnbuilder.github.io/builder/#CX0O0hvGKfcJOYQEOQgnZW+4p4gc+a+aU2m4982wJCJeQwJwJw90Ja0Ae41z9c9KDz9z9z4T9I0cQgnjwXgP+jz7us91,"ATree Error!Tougher Skin: blocked by: ""Vehement""Mantle of the Bovemists: missing dep: ""War Scream""Bak'al's Grasp: missing dep: ""War Scream""Spear Proficiency II: not reachableManachism: not reachable... 9 errors not shown",decodeCraft is not defined
nori-archer-az-704aa84a7018,45,Az Boltslinger eTWa,Archer,Az,spell_sustained,migrated_incomplete_atree,106,29,45,0.6444444444444445,false,true,https://wynnbuilder.github.io/builder/#CN0vA02ECq0CnmM7Ik166EdWccHui30uVw+myWUOJ0,https://wynnbuilder.github.io/builder/#CX0vA02ECq0CnmM7Ik166EdWccJmP70Kj-fx3p3,,
nori-archer-ignis-e32a71ed2ac0,46,Ignis Boltslinger (no Titano),Archer,Ignis,spell_sustained,broken_current_atree,106,21,45,0.4666666666666667,false,true,https://wynnbuilder.github.io/builder/#CN0yzm+F4c011n28M0Xy4kongcNkqFFz7aHRc0,https://wynnbuilder.github.io/builder/#CX0yzm+F4c011n28M0Xy4kongcQShM-yqVG2,"ATree Error!Power Shots: blocked by: ""Double Shots""More Focus I: missing dep: ""Focus""Twain's Arc: missing dep: ""Focus""Refined Gunpowder: not reachablePhantom Force: not reachable",
nori-archer-ignis-ac7647ab6ce1,47,Ignis Trapper EtwF (No Titano),Archer,Ignis,spell_sustained,broken_current_atree,106,12,45,0.26666666666666666,false,true,https://wynnbuilder.github.io/builder/#CN0yzUTg0+w4cur9KphpZ3USWy4qmmgcNEo40UFytAZiH1L,https://wynnbuilder.github.io/builder/#CX0yzgvK1icJOYQEXQgvyuW778F1DCigf67P2GrUFytA3,"ATree Error!Bryophyte Roots: Trapper: 0 < 1Triple Shots: missing dep: ""Double Shots""Buckshot: not reachableGuardian Angels: not reachableImplosion: not reachable... 6 errors not shown",
nori-mage-fatal-eda38339bb3e,48,Crabs Fatal,Mage,fatal,unclassified,broken_current_atree,106,19,45,0.4222222222222222,false,false,https://wynnbuilder.github.io/builder/#CN0vAm-3OK3XQW6Ei3XA8ammecBUWq00Z1C6W--Ccrsv5,https://wynnbuilder.github.io/builder/#CX0vAm-3OK3XQW6Ei3XA8ammecCy0f1063OCGr+-p8,"ATree Error!Wisdom: blocked by: ""Wand Proficiency II""",
nori-mage-gaia-f39d95ed557b,49,Gaia EWa 25w Riftcanist,Mage,Gaia,hybrid|spellsteal|spell_sustained,broken_current_atree,106,37,45,0.8222222222222222,false,false,https://wynnbuilder.github.io/builder/#CN0n6Gq98Y3dQGT2gJW2DypHfc5ky+ljDVZ91,https://wynnbuilder.github.io/builder/#CX0n6Gq98Y3dQGT2gJW2DypHfc5Shsx-ssyDc0,"ATree Error!Pyrokinesis: Arcanist: 3 < 4Arcane Restoration: missing dep: ""Pyrokinesis""Orphion's Pulse: blocked by: ""Arcane Transfer""Incandescence: missing dep: ""Ophanim""",
nori-archer-orange-lily-2abd8788428d,50,Orange Lily ETW Boltslinger,Archer,Orange Lily,spellsteal|spell_sustained,broken_current_atree,105,23,45,0.5111111111111111,false,true,https://wynnbuilder.github.io/builder/#CN0e10-C8Y3dQGoDIk1HBmlXpYHEY0WfzFdwS6zmF1,https://wynnbuilder.github.io/builder/#CX0e10-C8Y3dQGoDIk1HBmlXpYJS410JxVErv4,"ATree Error!Power Shots: blocked by: ""Double Shots""Phantom Force: missing dep: ""Phantom Ray""",
nori-assassin-nullification-0f508e447225,51,Nullification Trickshade Panderift,Assassin,Nullification,spell_sustained,current_functional_builder_only,106,45,45,1,false,false,https://wynnbuilder.github.io/builder/#CN0t01-CuY3O6W10C0WA8ammicHkUxq7ce+vU9T7NOa1,https://wynnbuilder.github.io/builder/#CX0t01-CuY3O6W10C0WA8ammicJSh+jJVOYwdxbqTSXH6,,
nori-assassin-animosity-9a9d5a6fcefb,52,Animosity Heavy Melee,Assassin,Animosity,heavy_melee|melee,migrated_incomplete_atree,106,0,45,0,false,true,https://wynnbuilder.github.io/builder/#CN04KmeCG2456W3GS0Y57Y-nTW5nHk0m-y7gxsgM,https://wynnbuilder.github.io/builder/#CX04KmeCG2456W3GS0Y57Y-nTW5YZS1eQ0,,
nori-mage-lament-d54f8ff88bad,53,Lament Riftwalker ETW,Mage,Lament,spellsteal|support,broken_current_atree,106,33,45,0.7333333333333333,false,false,https://wynnbuilder.github.io/builder/#CM0jx6TudDwaEPqXNpeJoDIk156kmmhcHkqFdlTEkj0,https://wynnbuilder.github.io/builder/#CX0jxEvmFxaJwaJEyQEvaSZaRGXXBCygv4tgrFdlTEE,"ATree Error!Larger Mana Bank: missing dep: ""Arcane Transfer""Arcane Restoration: missing dep: ""Pyrokinesis""Meteor Shower: blocked by: ""Ophanim""",
nori-mage-lament-4c82ea37d934,54,(Guild Wars) Lament Solo,Mage,Lament,unclassified,migrated_incomplete_atree,106,20,45,0.4444444444444444,false,true,https://wynnbuilder.github.io/builder/#CM0S76TudDwSmRqv8sepN3gmW-E20ohcHE300QFVyqMfFS1,https://wynnbuilder.github.io/builder/#CX0S7EvmFxap1lJE7nEvyrWACulZ0Wygv4d10GrQFVS,,
nori-mage-lament-77bd1f744fa9,55,6/8 Crafted Lament Riftbender eTW,Mage,Lament,spellsteal|support,migrated_incomplete_atree,,14,45,0.3111111111111111,false,,https://wynnbuilder.github.io/builder/#CM0t07z8m8v91ZfWHDHquCH26z8m8v91ZHDHoGoWDH26TurCwHWPYPoQoQoQoQ2SY441c9c9h9h9h9h9m9IG4OcOcicicicicOc81HWPYPoQoQoQoQISY4mhcHEz00w7FDLhTQi0,https://wynnbuilder.github.io/builder/#CX0t0FvHWHoJ26J1ZQYenPY4SoZ0Zad4C6r49393s49ua3lcJU4OcOcicicicic0d81HWPYPoQoQoQoQ2SY441c9c9h9h9h9h9c9IG4OcOcicicicic4d81ygv4dU0Grw7F,,decodeCraft is not defined
nori-mage-pure-1f93e8b76a58,56,6/8 CR Pure RW,Mage,Pure,unclassified,migrated_incomplete_atree,,0,45,0,false,,https://wynnbuilder.github.io/builder/#CM0t01-CHGxXg26ZaXHIE2RY482QFKLmOaCCIoH8Ja0HWPYPoQoQoQoQ2SY441c9c9h9h9h9h9m9IG4OcOcicicicicOc81HWPYPoQoQoQoQISY40i6a40uzVxkTvS,https://wynnbuilder.github.io/builder/#CX0t01-CHGxXg26ZaXHIE2RY482QFKLmOaCCIoH8Ja0HWPYPoQoQoQoQ2SY441c9c9h9h9h9h9m9IG4OcOcicicicicOc81HWPYPoQoQoQoQISY40i6a40g6,,decodeCraft is not defined
nori-mage-pure-90befc6d784d,57,Pure Riftwalker Rainbow,Mage,Pure,unclassified,migrated_incomplete_atree,106,0,45,0,false,false,https://wynnbuilder.github.io/builder/#CM0KKG4CCn3O6GoDIkHnEam0i6K50uzVxkTvS,https://wynnbuilder.github.io/builder/#CX0KKG4CCn3O6GoDIkHnEam0i6K50g6,,
nori-mage-lunar-spine-318f52600538,58,Lunar Spine Riftwalker eTWA,Mage,Lunar Spine,spell_sustained,migrated_incomplete_atree,106,0,45,0,false,true,https://wynnbuilder.github.io/builder/#CM0vA0-C0y0yQGoDIk1564+mYcHSY00y+lTtkSE,https://wynnbuilder.github.io/builder/#CX0vA0-C0y0yQGoDIk1564+mYcJu410g6,,
nori-archer-hellstrand-00f30f3d6ffa,59,Hellstrand Trapper/Sharp ETWF,Archer,Hellstrand,spellsteal|spell_sustained,broken_current_atree,106,25,45,0.5555555555555556,false,true,https://wynnbuilder.github.io/builder/#CM0yz0-B4c07IWt7y+mrEMbXFbNkqUyFw7XhQ,https://wynnbuilder.github.io/builder/#CX0yz0-B4c07IWt7y+mrEMbXFbQShMxn-eV,"ATree Error!Triple Shots: missing dep: ""Double Shots""Buckshot: not reachableGuardian Angels: not reachable",
nori-archer-herald-of-ruin-70c7616e46ee,60,Herald of Ruin Trapper/Sharp ETWF,Archer,Herald of Ruin,spell_sustained,broken_current_atree,106,25,45,0.5555555555555556,false,true,https://wynnbuilder.github.io/builder/#CM0yzG42CF1dQm28M01KEml1ClHNQF+7zZmLD,https://wynnbuilder.github.io/builder/#CX0yzG42CF1dQm28M01KEml1ClJkLhzuVqF,"ATree Error!Triple Shots: missing dep: ""Double Shots""Buckshot: not reachableGuardian Angels: not reachable",
nori-mage-judas-b2a2eeba4da5,61,Judas Riftbender TWA,Mage,Judas,spellsteal|spell_sustained|melee,migrated_incomplete_atree,106,21,45,0.4666666666666667,false,false,https://wynnbuilder.github.io/builder/#CM0qJ0iC0y0yQGoDIk1664+0RYBkqFVQgMvqm1,https://wynnbuilder.github.io/builder/#CX0qJ0iC0y0yQGoDIk1664+0RYCShM-yf1,,
nori-mage-judas-a864a9053be1,62,Judas Rawstack,Mage,Judas,spell_sustained|melee,broken_current_atree,106,18,45,0.4,false,true,https://wynnbuilder.github.io/builder/#CM08+0xFah3+QG46YmW57om0RYBzvYm21G-V6J-T0,https://wynnbuilder.github.io/builder/#CX08+0xFah3+QG46YmW57om0RYCwp5X52eQz-P4,"ATree Error!Wisdom: blocked by: ""Wand Proficiency II""",
nori-mage-singularity-bce763a93667,63,Singularity Heavy Melee,Mage,Singularity,heavy_melee|spell_sustained|melee,broken_current_atree,106,18,45,0.4,false,true,https://wynnbuilder.github.io/builder/#CM09D013464I1n3GU0I15M-1jcB00EB20w-pOwl3,https://wynnbuilder.github.io/builder/#CX09D013464I1n3GU0I15M-1jcC00SM40Lh-FZ,"ATree Error!Wisdom: blocked by: ""Wand Proficiency II""",
nori-mage-lunar-spine-3a1ae5df386e,64,Lunar Spine Spellsteal Riftwalker,Mage,Lunar Spine,spellsteal,migrated_incomplete_atree,106,24,45,0.5333333333333333,false,true,https://wynnbuilder.github.io/builder/#CM0buG2E0y0yQGoDIkXA64+mYcHSfzVJtrpk,https://wynnbuilder.github.io/builder/#CX0buG2E0y0yQGoDIkXA64+mYcJuMjs-DT,,
nori-assassin-nullification-6e7c5ab4b44d,65,Nullification Heavy Melee,Assassin,Nullification,heavy_melee|melee,migrated_incomplete_atree,106,0,45,0,false,true,https://wynnbuilder.github.io/builder/#CM0tAMKdHPurnYJXX57RWO34BE8XXPDBSy60qF-i+kDY3,https://wynnbuilder.github.io/builder/#CX0tAMeEZomhZ5E56MuO34RWOn19CChP17l1Gr0,,
nori-archer-freedom-7d0aa7f51b0c,66,Morph-Freedom Bolt Equivalent,Archer,Freedom,spell_sustained,broken_current_atree,106,17,45,0.37777777777777777,false,true,https://wynnbuilder.github.io/builder/#CM0AKWz4CF1IKm05C0G15am0ecHbJYW51W-XlFCFO-3,https://wynnbuilder.github.io/builder/#CX0AKWz4CF1IKm05C0G15am0ecJAd41B2Gr+7++m0,ATree Error!Bryophyte Roots: Trapper: 0 < 1Basaltic Trap: not reachableArrow Wall: not reachableImplosion: not reachableCheaper Arrow Storm I: not reachable... 1 errors not shown,
nori-shaman-sunstar-ff91a3647fe0,67,Panic Zealot Tstack,Shaman,Sunstar,tierstack,current_load_failure,,,,0,false,,https://wynnbuilder.github.io/builder/#CM06WsT20WY6xESQsT6sXw4Ae00EYmjeVWd0WA1WsBRisijH7,https://wynnbuilder.github.io/builder/#CM06WsT20WY6xESQsT6sXw4Ae00EYmjeVWd0WA1WsBRisijH7,,Cannot read bit outside the range of the BitVector. (55 > 55)
nori-shaman-hadal-b68d6f7981b1,68,Hadal Acolyte,Shaman,Hadal,unclassified,migrated_incomplete_atree,,35,45,0.7777777777777778,false,,https://wynnbuilder.github.io/builder/#CM0e16TGmDgEfJ6TurCwHGBYRIQoqHQoq1SY441j8k9f9J7f9J7m9I05TWR1eQ6v1w20t10QlNpRxXE3,https://wynnbuilder.github.io/builder/#CX0e1EvWWxawaEva3lcJU4qYucacCTacCT0d81HGBYRIQoqHQoq1SY4GH7uM0gcJy0T1Wx0GrQlNpRx,,decodeCraft is not defined
nori-shaman-olympic-24d0b194b61a,69,Olympic Lootrun,Shaman,Olympic,lootrun,migrated_incomplete_atree,106,0,45,0,false,true,https://wynnbuilder.github.io/builder/#CM0oqsT+q0vMxEOQsT2nG86+mW76krip3q60fV+zTUJ5,https://wynnbuilder.github.io/builder/#CX0oq6wyf1oj6wWfPeJ862nm76ymmjcXy0j1mg1,,
nori-shaman-absolution-fe56cbc3fa0e,70,Rainbow Absolution,Shaman,Absolution,support,broken_current_atree,106,27,45,0.6,false,false,https://wynnbuilder.github.io/builder/#CM0vAWQ6uY3XQsvO0030Ki39CCf1s30Ul-PxXEf4,https://wynnbuilder.github.io/builder/#CX0vAWQ6uY3XQ6on0060eO7IOOI3i70Lxz+dj72,ATree Error!Frog Dance: Ritualist: 3 < 4Artist's Immersion: not reachableTotemic Shatter: not reachableMasquerade: Ritualist: 3 < 4Vengeful Spirit: not reachable,
nori-shaman-aftershock-e6efef7dc125,71,Arbalest Uproot Spam ETA,Shaman,Aftershock,spell_sustained,broken_current_atree,106,44,45,0.9777777777777777,false,true,https://wynnbuilder.github.io/builder/#CM0CuWM38Y3uQmKEco1y3Qd0XW5E+30wtWll7le0,https://wynnbuilder.github.io/builder/#CX0CuWM38Y3uQmKEco1y3Qd0XW5Sy70LhV3++UyY2,ATree Error!Tribal Chants: Ritualist: 0 < 8,
nori-shaman-olympic-15adc4dc6a07,72,Olympic Summoner,Shaman,Olympic,lootrun,broken_current_atree,106,44,45,0.9777777777777777,false,true,https://wynnbuilder.github.io/builder/#CM0vAs574SxwZHjTzX9skJ862nG15ammjcNnbtR+fF7lX0,https://wynnbuilder.github.io/builder/#CX0vA6AE8u6gF6r6gFCn6w4YXGCKG19CShfcuMjtR+fF7lX0,"ATree Error!Seeking Totem: missing dep: ""Mystic Masks""",
nori-shaman-toxoplasmosis-495dfc7024e0,73,Mob Grind Toxo,Shaman,toxoplasmosis,unclassified,migrated_incomplete_atree,,0,45,0,false,,https://wynnbuilder.github.io/builder/#CM0Pumd6HGEYMYVXMYVXM2RY482oHqIyBqIyBqI8Ja0W024Gmx92oHyIWByIWByIYJa0wrSvoxFVVthK0,https://wynnbuilder.github.io/builder/#CX0Pumd6HGEYMYVXMYVXM2RY482oHqIyBqIyBqI8Ja0W024Gmx92oHyIWByIWByIYJa0wranjQ0,,decodeCraft is not defined
nori-shaman-aftershock-6039e9207ebb,74,Ashock Tstack,Shaman,Aftershock,tierstack|melee,migrated_incomplete_atree,,0,45,0,false,,https://wynnbuilder.github.io/builder/#CMG4OaSOaZKZWNKQec81GhX8u9v99DnIf6vEXDH2Wl6H0RYR2RYRIK2d2SY4028ylH66gqiW7uB0Wq0uz+EjKsq810,https://wynnbuilder.github.io/builder/#CXG4OaSOaZKZWNKQec81GhX8u9v99DnIf6vEXDH2Wl6H0RYR2RYRIK2d2SY4028ylH66gqi0FmN00f1KD,,decodeCraft is not defined
nori-shaman-resonance-2e7f0e898dd1,75,EHP Resonance Crabs Acolyte,Shaman,Resonance,spell_sustained|support,current_load_failure,121,,,0,false,false,https://wynnbuilder.github.io/builder/#CM0A6WQ6Om3XQGoDM0HnEamW8lHr3i50460qUjiPxnE7,https://wynnbuilder.github.io/builder/#CM0A6WQ6Om3XQGoDM0HnEamW8lHr3i50460qUjiPxnE7,,
nori-shaman-sunstar-46ea4147f6a5,76,Sunstar Tstack,Shaman,Sunstar,tierstack,current_load_failure,,,,0,false,,https://wynnbuilder.github.io/builder/#CM0iuWM3uG1+QGr2gMG15omGkcBUWp0Gu0WtZTOTjrSQ,https://wynnbuilder.github.io/builder/#CM0iuWM3uG1+QGr2gMG15omGkcBUWp0Gu0WtZTOTjrSQ,,Cannot read bit outside the range of the BitVector. (55 > 55)
nori-shaman-immolation-625e2028c75b,77,Immolation Summoner Spellsteal,Shaman,immolation,spellsteal|spell_sustained,broken_current_atree,106,34,45,0.7555555555555555,false,true,https://wynnbuilder.github.io/builder/#CG0m-W5Gy+3SQW10oZH15MbnFkNvb+DvxTyc2,https://wynnbuilder.github.io/builder/#CX0m-W5Gy+3SQW10oZH15MbnFkQoRrwtaltnRA0,"ATree Error!Haunting Memory: Ritualist: 1 < 3Larger Blood Pool: missing dep: ""Sacrificial Shrine""Lashing Lance: not reachableTribal Chants: Ritualist: 1 < 8Vengeful Spirit: not reachable",
nori-shaman-olympic-dc6527b89c44,78,Handheld Mortar Ritualist Tierstack ETFA,Shaman,Olympic,tierstack,migrated_incomplete_atree,106,0,45,0,false,true,https://wynnbuilder.github.io/builder/#CM0T90s1Cn3OVWw4gMmq2AGGBlNvvD0mxbDMBRBa7,https://wynnbuilder.github.io/builder/#CX0T90s1Cn3OVWw4gMmq2AGGBlQopR0eQ0,,
nori-shaman-sunstar-8eb4025e8e57,79,Sunstar Summoner TFA,Shaman,Sunstar,spellsteal|spell_sustained,broken_current_atree,106,46,45,1.0222222222222221,false,true,https://wynnbuilder.github.io/builder/#CM0m-kSi0YEWNEvJkSc2mK0G5mv4orSnH01R1G-JrFOUXU0,https://wynnbuilder.github.io/builder/#CX0m-ouO14T0puaF9ZpK0c20g0EdGkcCS4GmM0Lh-fw7ClGF0,ATree Error!too many ability points assigned! (46 > 45),
nori-shaman-absolution-62d99c13b78f,80,Phlebotomy Acolyte Level-Scale,Shaman,Absolution,spell_sustained,broken_current_atree,,18,34,0.5294117647058824,false,,https://wynnbuilder.github.io/builder/#CMG4SqSq8r4U8r4UyN81YWZcZ6fcm3fcmZv29G44U4U4U4U4U4USO818Ee8mCPsGGHGHGHGfoG2Y0paP31515151bA3982CJcD4K4K4K4KUBaW8mCPsGGHGHGHGXmG2GetbJB0OGj7SZMxC,https://wynnbuilder.github.io/builder/#CXG4SqSq8r4U8r4UyN81YWZcZ6fcm3fcmZv29G44U4U4U4U4U4USO818Ee8mCPsGGHGHGHGfoG2Y0paP31515151bA3982CJcD4K4K4K4KUBaW8mCPsGGHGHGHGXmG2GeN6dM0mWQFu6j2,"ATree Error!Frog Dance: missing dep: ""Mystic Masks""Artist's Immersion: missing dep: ""Mystic Masks""Masquerade: Ritualist: 0 < 4Vengeful Spirit: not reachable",decodeCraft is not defined
nori-assassin-grimtrap-2c7ee8fc79b3,81,Trickshade Grimtrap,Assassin,Grimtrap,unclassified,current_functional_solver_seed,106,45,45,1,true,true,https://wynnbuilder.github.io/builder/#CM0DuG008Y3uQmKEqmH15uM0fc5kyF-zdcYkC0,https://wynnbuilder.github.io/builder/#CX0DuG008Y3uQmKEqmH15uM0fc5Shs-ytVQAwo0,,
nori-assassin-cataclysm-74e3d0dd057c,82,Cata Alternative Trickster,Assassin,Cataclysm,unclassified,migrated_incomplete_atree,106,0,45,0,false,true,https://wynnbuilder.github.io/builder/#CM0G702kB7E1NEhL6T6emM7ylHx4sqSn3q50vzxToC-u50,https://wynnbuilder.github.io/builder/#CX0G702kCES2ouiMvap05swW-DQdmccCy0T1mg1,,
nori-assassin-nirvana-adefbd4f4dc1,83,Nirvana Acrobat Rainbow,Assassin,Nirvana,spell_sustained,broken_current_atree,106,18,45,0.4,false,false,https://wynnbuilder.github.io/builder/#CG0vAUTGmDwWi3yQMS2emM7WoX46YrCo3q50I2We0qUkqFpjn4,https://wynnbuilder.github.io/builder/#CX0vAgvWWxa3oEmhPXJ05sw0KEamGicJy0T1Wa08AGrQFNw,"ATree Error!Mirror Image: missing dep: ""Vanish""",
nori-assassin-archangel-e185c41ee1d3,84,Archangel Acrobat ETWA,Assassin,Archangel,spell_sustained|lootrun,broken_current_atree,106,46,45,1.0222222222222221,false,true,https://wynnbuilder.github.io/builder/#CM0vAsrd0SxESusrE-vsrdjECb3K1qEXCDxSK6uI0yUwVnVtXH0,https://wynnbuilder.github.io/builder/#CX0vA6gF1u6wmXResvFtGzPh3Jv0L0jJ8JpGEA3S9WgzUwVnVtXH0,ATree Error!too many ability points assigned! (46 > 45),
nori-assassin-weathered-6c5c74065ee6,85,Weathered Shade TWA,Assassin,Weathered,spell_sustained,migrated_incomplete_atree,106,0,45,0,false,true,https://wynnbuilder.github.io/builder/#CM0vA0W2Wi3-vmyFao1g0QdmlcTEy80+7-xwVv90,https://wynnbuilder.github.io/builder/#CX0vA0W2Wi3-vmyFao1g0QdmlcXSuH0L3,,
nori-assassin-grimtrap-9525426bec52,86,Grimtrap Acrobat ETW,Assassin,Grimtrap,spell_sustained|lootrun,broken_current_atree,106,43,45,0.9555555555555556,false,true,https://wynnbuilder.github.io/builder/#CM0G7MSMeiu8YRn1UpYp28M01KEQd0fc5EA40+dxacyn3u1,https://wynnbuilder.github.io/builder/#CX0G7MuiGPXZ8k5EmRMui0Y5G0bZs9GgP1752Gr+dxacyn3u1,"ATree Error!Duplicity: blocked by: ""Wall of Smoke""Violent Vortex: not reachable",
nori-assassin-nullification-b144a882aeae,87,Nullification Acrobat,Assassin,Nullification,spell_sustained,migrated_incomplete_atree,106,0,45,0,false,true,https://wynnbuilder.github.io/builder/#CM0Eckq7rCZ2EV9kSqsTvaSZaRKiZs9ChvAgBldvlulxm8,https://wynnbuilder.github.io/builder/#CX0EcoeFgPE9uyb8ZZskCE9t8v65xeT2pQo4rjQ0,,
nori-assassin-inferno-7aebc5abce59,88,TWF Shadetrick Inferno,Assassin,Inferno,spell_sustained,current_functional_builder_only,106,45,45,1,false,false,https://wynnbuilder.github.io/builder/#CM0vvWuaN7s9lEDkUTuW074mwWVEOryob-vTsfz3Yo0,https://wynnbuilder.github.io/builder/#CX0vvWuaQEiJgvqugc374uW0M7yp1hcQShs-yExq+1HP0,,
nori-assassin-nirvana-f71932e7e22f,89,Acrobat Nirvana,Assassin,Nirvana,lootrun,migrated_incomplete_atree,106,11,45,0.24444444444444444,false,true,https://wynnbuilder.github.io/builder/#CG0vA6T2m1ZQWNpep286e056QdGicHkqUc+5-jn0,https://wynnbuilder.github.io/builder/#CX0vAEv4W36r0lcJEBWOW2KOeT2nQEnjQjd9,,
nori-assassin-cataclysm-c482d02a77ef,90,Cata Trickster,Assassin,Cataclysm,unclassified,migrated_incomplete_atree,106,0,45,0,false,true,https://wynnbuilder.github.io/builder/#CM0SVWMZBdq9NE+QkSqmX6E21G45sqSnbtZxaOynde1,https://wynnbuilder.github.io/builder/#CX0SVWMZCEfJouuh9ZZ6EqmH80YemccCSh6,,
nori-archer-spring-a848336a499a,91,Cspring Boltslinger,Archer,Spring,unclassified,current_load_failure,,,,0,false,,https://wynnbuilder.github.io/builder/#CM0vAmVWH7ZQZEQxm05gmG15am41v6v8B9N9v6v8b9I2m8FmM0GK0Y2m-yu-nPKJ0,https://wynnbuilder.github.io/builder/#CM0vAmVWH7ZQZEQxm05gmG15am41v6v8B9N9v6v8b9I2m8FmM0GK0Y2m-yu-nPKJ0,,decodeCraft is not defined
nori-archer-grandmother-1b01d71e3f65,92,ETWA Grandmother,Archer,Grandmother,unclassified,broken_current_atree,106,16,45,0.35555555555555557,false,true,https://wynnbuilder.github.io/builder/#CM0CuMSqQiu8YRnvKpYpM7M01s3oXHgc5y0T1GQV+7-ZWLD,https://wynnbuilder.github.io/builder/#CX0CuMuerOXZ8k5EdQMuirX5GWzWSOagP1UWk0OrQV+7-Z0,"ATree Error!Triple Shots: missing dep: ""Double Shots""Focus: Sharpshooter: 1 < 2Arrow Wall: not reachableImplosion: not reachableCheaper Arrow Storm I: not reachable... 8 errors not shown",
nori-archer-divzer-edb43173e284,93,Crafted Divzer Bolt,Archer,Divzer,spell_sustained,migrated_incomplete_atree,,0,45,0,false,,https://wynnbuilder.github.io/builder/#CMG48gaZ8Q8l8l8lKd81NgJO1aEvoPjob71C9C92Ai92A2AW9IG4mama8emc8e8e0c81WX92OIOI4KOJ4K4KwIa0wqSn3q50Q60yFtFhEXXV,https://wynnbuilder.github.io/builder/#CXG48gaZ8Q8l8l8lKd81PKdm28TI6drAPy8W9X9HGXDHGHG1CH2Y0c4c415s41515m490CCH0J2JYW2RYWYWINY4GdcCy0T1Wc1Gr0,,decodeCraft is not defined
nori-archer-stratiformis-31e50380c86e,94,Stratiformis Boltslinger,Archer,Stratiformis,spell_sustained|lootrun,broken_current_atree,106,42,45,0.9333333333333333,false,false,https://wynnbuilder.github.io/builder/#CM0vA6TImjxuYRqvF7oZn05AeW46Ctip3q60g2y6WC2yVuzZpg7c0,https://wynnbuilder.github.io/builder/#CX0vAEvaWReZBkJE-vGUC6eG15amWvcXy0j1Wg0l18ZGr+Fy+nPr33,"ATree Error!Ivyroot Mamba: missing dep: ""Bryophyte Roots""Twain's Arc: missing dep: ""Focus""Scorched Earth: missing dep: ""Fire Creep""",
nori-archer-labyrinth-10df2ec0fc41,95,Laby Trapper ETF,Archer,Labyrinth,spell_sustained,broken_current_atree,106,12,45,0.26666666666666666,false,true,https://wynnbuilder.github.io/builder/#CM0yzMSqQiu0uPn9KphpZ3USmq2QdG8lN7p20j7kcBDRyY4,https://wynnbuilder.github.io/builder/#CX0yzMuerOX3Wd5EXQgvyuW77CjWs94ohcZP1eQj7kcBD1,"ATree Error!Bryophyte Roots: Trapper: 0 < 1Basaltic Trap: not reachableArrow Wall: not reachableImplosion: not reachablePatient Hunter: missing dep: ""Basaltic Trap""... 6 errors not shown",
nori-archer-epoch-e545670f4619,96,Epoch Tierstack,Archer,Epoch,tierstack,broken_current_atree,,21,45,0.4666666666666667,false,,https://wynnbuilder.github.io/builder/#CMG4KZSOWcKQWcWcec81NEGKsT2pixuhPtHTI4mcucmcuc4bid0d81H0RYR2RYRIKoUYPY4W4EynTnPU0G-ZFEpkEz1,https://wynnbuilder.github.io/builder/#CXG4KZSOWcKQWcWcec81PSWeCq9CpG7VD3TKd41i9k9i9k9H9x9m9IG4mcucmcuc4bidOc818X3VSPuCF0gM-ZFE3,"ATree Error!Power Shots: blocked by: ""Double Shots""",decodeCraft is not defined
nori-archer-freedom-ae8aaf36c892,97,Freedom Bolt/Trapper Rainbow,Archer,Freedom,spell_sustained|lootrun,broken_current_atree,106,31,45,0.6888888888888889,false,true,https://wynnbuilder.github.io/builder/#CM0Ec657rCxQEkukKEX765d1A4GXYT8X1GDZAFGR08FGU0b1s6m-l-imWeV,https://wynnbuilder.github.io/builder/#CX0EcE9EgP6gvuYBZo9ym9nPW21KeO7IO0Kp9b7eD0a78FWo0R3gs-l-imWe3,"ATree Error!Power Shots: blocked by: ""Double Shots""Initiator: missing dep: ""Focus""Cheaper Escape II: not reachableMana Trap: Trapper: 2 < 6Call of the Hound: not reachable",
nori-archer-spring-3b4d2f4e7a3a,98,Spring Bolt/Trapper ETW,Archer,Spring,spell_sustained|lootrun,current_load_failure,121,,,0,false,true,https://wynnbuilder.github.io/builder/#CM0626TudDwivQq9ymepM7M0156ypXkcHUWf0Gc0W-bzdfMYx0,https://wynnbuilder.github.io/builder/#CM0626TudDwivQq9ymepM7M0156ypXkcHUWf0Gc0W-bzdfMYx0,,
nori-archer-grandmother-5ac839960543,99,Grandmother Trapper ETF,Archer,Grandmother,spell_sustained,broken_current_atree,,36,45,0.8,false,,https://wynnbuilder.github.io/builder/#CM0yzGO1HWHIEIE2foZoZ2RY40iFYWm4pamamamam4u49822JCJ2J2J2J2JWJaW88CnC9C9C9C9CnCH2YWm4pamamamamau49WKDluo-uwNRqu5a0,https://wynnbuilder.github.io/builder/#CX0yzGO1HWHIEIE2foZoZ2RY40iFYWm4pamamamam4u49822JCJ2J2J2J2JWJaW88CnC9C9C9C9CnCH2YWm4pamamamamau49WKDrmjQ-ZhVjHZ3,"ATree Error!Power Shots: blocked by: ""Double Shots""Courier's Edict: missing dep: ""Fierce Stomp""Parting Gift: not reachable",decodeCraft is not defined
nori-archer-divzer-4dcd325bcc4a,100,DPS Divzer,Archer,Divzer,unclassified,migrated_incomplete_atree,,26,45,0.5777777777777777,false,,https://wynnbuilder.github.io/builder/#CM0G7GO1aE1hL41c92A2A2A2Ai9m99G4Oc8e8e8e8emc0da0WX92CJ4K4K4K4KOJYJI0wqSnb-Pt7dBz1X1,https://wynnbuilder.github.io/builder/#CX0G7GO1aE1hL41c92A2A2A2Ai9m99G4Oc8e8e8e8emc0da0WX92CJ4K4K4K4KOJYJI0wqaXRr+dTVS0,,decodeCraft is not defined
nori-warrior-alkatraz-f74531cb245d,101,LI Alkatraz,Warrior,Alkatraz,tierstack,broken_current_atree,,12,45,0.26666666666666666,false,,https://wynnbuilder.github.io/builder/#CMG48gOaSOyaKZOhec81BEPxMy8GFv9X9nIf6vEXDH2MSyriuOe82QHSJIJcEIJcEWJa0AeG66eq8GM0Wy-o-pl9-mx-t1,https://wynnbuilder.github.io/builder/#CXG48gOaSOyaKZOhec81BSosjmZ0zad4c4BbQax4s49OXZlc5E6AYWM4taqafZqaf3u49W2AaX1AD2a508-ly-LxtaV,"ATree Error!Tougher Skin: blocked by: ""Vehement""War Scream: not reachableFire Mastery: not reachableQuadruple Bash: not reachableFlaming Uppercut: not reachable",decodeCraft is not defined
nori-warrior-thrundacrack-bb5623709e6d,102,Fallen Thrundacrack,Warrior,Thrundacrack,spell_sustained|lootrun,broken_current_atree,106,40,45,0.8888888888888888,false,false,https://wynnbuilder.github.io/builder/#CM0QZWQcB7NSNErQ6TqmX6EAsHx4srSXBjNlV-oe7,https://wynnbuilder.github.io/builder/#CX0QZWQcCEkuouKhvaZ6EqmHnEQdmkcCuMjshtlVPq1,"ATree Error!Exhilarate: missing dep: ""Intoxicating Blood""Emboldening Cry: blocked by: ""Bak'al's Grasp""",
nori-warrior-thrundacrack-ca912b303099,103,Thrundacrack Fallen ETWF,Warrior,Thrundacrack,spell_sustained|lootrun,broken_current_atree,106,13,45,0.28888888888888886,false,true,https://wynnbuilder.github.io/builder/#CM0SV02kBdESNEwt6TC0W10mwGx4srCgTs20yxhz--P2,https://wynnbuilder.github.io/builder/#CX0SV02kCETuoueVxaZ10C00M7QdmkcJQdj0Gr+zr+--C,"ATree Error!Tougher Skin: blocked by: ""Vehement""War Scream: not reachableAir Mastery: not reachableQuadruple Bash: not reachableFlaming Uppercut: not reachable... 18 errors not shown",
nori-warrior-idol-1e7585a63ccf,104,Crafted Idol DPS,Warrior,Idol,spell_sustained,current_load_failure,,,,0,false,,https://wynnbuilder.github.io/builder/#CM0e16z8u9n8vI97v8v8vCH26z887n8v81FfzezWDH2sz887n8v81FfzezWCH2sz8ODPDnCXDPDPD1CH2YWrar4p4sarar4m4982MJMJCJOJMJMJqIaW8ODPDnCXDPDPDfBH2GLp8FmK0aU-Ut-t9,https://wynnbuilder.github.io/builder/#CM0e16z8u9n8vI97v8v8vCH26z887n8v81FfzezWDH2sz887n8v81FfzezWCH2sz8ODPDnCXDPDPD1CH2YWrar4p4sarar4m4982MJMJCJOJMJMJqIaW8ODPDnCXDPDPDfBH2GLp8FmK0aU-Ut-t9,,decodeCraft is not defined
nori-warrior-convergence-e61cc4876649,105,Convergence EWF Altersurf,Warrior,Convergence,spell_sustained,broken_current_atree,105,25,45,0.5555555555555556,false,true,https://wynnbuilder.github.io/builder/#CM0e1MSs-juOK3XQMS2eW10u6HPCunzgkJhzyBMCjdn1,https://wynnbuilder.github.io/builder/#CX0e1Mui-RXZHD4gPXJ05C00t8AZ1FkQgxqQF-Y5J,ATree Error!Rejuvenating Skin: Paladin: 2 < 5,
nori-warrior-hero-45a0c0a9b3d8,106,Hero Bmonk Bashscream EWA,Warrior,Hero,spell_sustained,migrated_incomplete_atree,106,18,45,0.4,false,false,https://wynnbuilder.github.io/builder/#CM0yt0W2mX3X7G86C0GH7QdGhcb8YBltuJdUs31,https://wynnbuilder.github.io/builder/#CX0yt0W2mX3X7G86C0GH7QdGhc5H4tgzUZF,,
nori-warrior-guardian-3c8a760c0f64,107,Guardian War Tank,Warrior,Guardian,unclassified,broken_current_atree,106,19,45,0.4222222222222222,false,true,https://wynnbuilder.github.io/builder/#CM0S7myE0X3sQm66smmw4AZXfcNEyEGA0wjz7uxJY0,https://wynnbuilder.github.io/builder/#CX0S7myE0X3sQm66smmw4AZXfcQSuTWK0LhtsVWlF1,"ATree Error!Tougher Skin: blocked by: ""Vehement""Mantle of the Bovemists: missing dep: ""War Scream""Bak'al's Grasp: missing dep: ""War Scream""Air Shout: missing dep: ""War Scream""Spear Proficiency II: not reachable... 8 errors not shown",
nori-warrior-hero-a0d8842d371f,108,Alternative Hero Lootrun,Warrior,Hero,lootrun,migrated_incomplete_atree,,18,45,0.4,false,,https://wynnbuilder.github.io/builder/#CM0ytsvyf1jasXJuXTz11K4mc4cmcmcmcmc0d81HGO2R2R2R2R2RYPY40Z7QrC6LSA1K20yUZFe-rcI,https://wynnbuilder.github.io/builder/#CX0yt6ovJ3Q9D4EX76gF8WY0sam4s4s4s4s4u49822JOJOJOJOJOJCJa0OyGhcJH5dI0b0GrUln7,,decodeCraft is not defined
nori-warrior-idol-4df1f96e75ae,109,Idol Lootrun Pala,Warrior,idol,lootrun,migrated_incomplete_atree,106,19,45,0.4222222222222222,false,true,https://wynnbuilder.github.io/builder/#CM0e16T+q0aTmMpep05uV0M7amWgcHEeM0UlyixQJE1,https://wynnbuilder.github.io/builder/#CX0e1Evyf18xWjcJE3KW-1OTG23gQEn1r2KjtBF3,,
nori-warrior-hero-178cf4770243,110,Hero General Bashscream w/Idol,Warrior,Hero,unclassified,broken_current_atree,106,20,45,0.4444444444444444,false,true,https://wynnbuilder.github.io/builder/#CM0ytsL7+PBYJBfNLu4UONTqmn05Ae0Z7QriZJGWW0WtZhzR3Zq3,https://wynnbuilder.github.io/builder/#CX0yt6gEypM8Ejagf2dm33L7DSCGX2AmuXMD3n98GG0KjtZhzR3Z4,ATree Error!Manachism: Paladin: 2 < 3Rejuvenating Skin: not reachableCleansing Breeze: not reachableCheaper Bash II: not reachableCollide: not reachable... 7 errors not shown,
nori-mage-warp-bd9eb975270d,111,Warp Lr Riftwalker Crafted,Mage,Warp,lootrun,current_load_failure,,,,0,false,,https://wynnbuilder.github.io/builder/#CM082md6HWHoJoJYVXVXV1RY40NDY0C4C4C4C4C4C4u4982mGmGmGmGmGmGWJaW8031313131313nCH2eT22RsvNsoQNxQNxoI5tssgNzQMp470ip5FyvfR-tsBpt5,https://wynnbuilder.github.io/builder/#CM082md6HWHoJoJYVXVXV1RY40NDY0C4C4C4C4C4C4u4982mGmGmGmGmGmGWJaW8031313131313nCH2eT22RsvNsoQNxQNxoI5tssgNzQMp470ip5FyvfR-tsBpt5,,decodeCraft is not defined
nori-mage-monster-69b3cd6ba814,112,War Monster,Mage,Monster,spell_sustained,migrated_incomplete_atree,106,20,45,0.4444444444444444,false,true,https://wynnbuilder.github.io/builder/#CM0S7UT6y0FNlE7nUT0u10FadG0Garyof1WB1GxvZpfLxn5,https://wynnbuilder.github.io/builder/#CX0S7gvCu1UkgvS4hc30F0uXy420YicQSQ0uI0Lhzyn1,,
nori-mage-monster-38f0a1d56b66,113,General Monster,Mage,Monster,spell_sustained,broken_current_atree,106,23,45,0.5111111111111111,false,true,https://wynnbuilder.github.io/builder/#CM0X6G5mNdbAlEOVUT2emZ3mUmLEaryobtl+UMMfu0,https://wynnbuilder.github.io/builder/#CX0X6G5mQEBLgvWzfcJ05US0s3koXicQShsxNVFBh4,"ATree Error!Frozen Tornado: missing dep: ""Distortion""Cheaper Heal: not reachablePurification: not reachableWarp Blast: missing dep: ""Distortion""Cheaper Ice Snake: not reachable... 5 errors not shown",
nori-mage-lament-a5c94c2f829f,114,ETW Lament Crafted Lightbender,Mage,Lament,spellsteal|spell_sustained|support,migrated_incomplete_atree,,29,45,0.6444444444444445,false,,https://wynnbuilder.github.io/builder/#CMG44mucOayaWnKmec81ZEHm6TOKCwmhPqfyM4OcOcicicicic0d81HWPYPoQoQoQoQYPY441c9c9h9h9h9h9n9I0lQ6va60uzhlcgrAu0,https://wynnbuilder.github.io/builder/#CXG44mucOayaWnKmec81dSYWToXHn97UDdSAl51c9c9h9h9h9h9m9IG4OcOcicicicicOc81HWPYPoQoQoQoQISY4mhcJSI30LxzhlcA,,decodeCraft is not defined
nori-mage-fatal-62fb86a91480,115,Slayer Fatal Riftwalker (Entropy),Mage,Fatal,lootrun,migrated_incomplete_atree,106,17,45,0.37777777777777777,false,false,https://wynnbuilder.github.io/builder/#CM0SVWQcB7NSNErQ6TqmX10irHx46rSnbtBVkEhV3,https://wynnbuilder.github.io/builder/#CX0SVWQcCEkuouKhvaZ6EC0WjEQdmecCShsxbF,,
nori-mage-fatal-08c6d66904b1,116,Budget Fatal Riftwalker,Mage,Fatal,unclassified,migrated_incomplete_atree,106,0,45,0,false,true,https://wynnbuilder.github.io/builder/#CM0SV02E0uvoHRtbZ10qmH15ammecBky-jtsNR3,https://wynnbuilder.github.io/builder/#CX0SV02E0u9ZZskCE60G375KG23ZQomjQ0,,
nori-mage-fatal-5acfd266f506,117,Fatal Rainbow Riftbender,Mage,Fatal,spell_sustained,broken_current_atree,106,24,45,0.5333333333333333,false,true,https://wynnbuilder.github.io/builder/#CM01-WQ6OK3yQG762eGH7ammecBky+TEBhMuT,https://wynnbuilder.github.io/builder/#CX01-WQ6OK3yQG762eGH7ammecCShsxtvii0,"ATree Error!Vacuokinesis: missing dep: ""Distortion""Arcane Restoration: missing dep: ""Pyrokinesis""Meteor Shower: missing dep: ""Distortion""Resilient Light: not reachable",
nori-mage-fatal-cf1bc0fc167d,118,Fatal Arcanist ETW,Mage,Fatal,spell_sustained,broken_current_atree,106,19,45,0.4222222222222222,false,true,https://wynnbuilder.github.io/builder/#CM0G70-Cm90wtm64wm0KEwlnecBUWi08--PChlPB,https://wynnbuilder.github.io/builder/#CX0G70-Cm90wtm64wm0KEwlnecCy0P1mgz-dH,"ATree Error!Wisdom: blocked by: ""Wand Proficiency II""",
nori-mage-singularity-c559c60dd521,119,Singularity Arcanist Madness,Mage,Singularity,spell_sustained,broken_current_atree,106,19,45,0.4222222222222222,false,true,https://wynnbuilder.github.io/builder/#CM0EcG2EKq0QxG05coXA8am0jcN90mXo0m-V6pwRs2,https://wynnbuilder.github.io/builder/#CX0EcG2EKq0QxG05coXA8am0jcQI0W3b1eQ--P4,"ATree Error!Wisdom: blocked by: ""Wand Proficiency II""",
nori-mage-trance-9336f1aff439,120,Trance Riftbender ETF Crafted,Mage,Trance,spell_sustained|support,broken_current_atree,,25,45,0.5555555555555556,false,,https://wynnbuilder.github.io/builder/#CM0X6GO1HWHoo16JxHxHx1RY4WGDYWmamamamamam4u49822J2J2J2J2J2JWJaW88C9C9C9C9C9CnCH2YWmamamamamamau49WHUNSfV+rvqAdm1,https://wynnbuilder.github.io/builder/#CX0X6GO1HWHoo16JxHxHx1RY4WGDYWmamamamamam4u49822J2J2J2J2J2JWJaW88C9C9C9C9C9CnCH2YWmamamamamamau49WHUPuMj+vNdJh0,"ATree Error!Arcane Transfer: Arcanist: 0 < 2Larger Mana Bank: missing dep: ""Arcane Transfer""Pyrokinesis: missing dep: ""Arcane Transfer""Seance: not reachableArcane Restoration: missing dep: ""Pyrokinesis""... 2 errors not shown",decodeCraft is not defined
nori-mage-fatal-fcce8ecc78ce,121,Fatal Arcanist ETWA Sorcery,Mage,Fatal,spell_sustained,broken_current_atree,106,26,45,0.5777777777777777,false,true,https://wynnbuilder.github.io/builder/#CG0G7G2EG00wtm64wmGH7uMmecBky+FxRCTR,https://wynnbuilder.github.io/builder/#CX0G7G2EG00wtm64wmGH7uMmecCShsx-iln4,"ATree Error!Larger Mana Bank: missing dep: ""Arcane Transfer""Pyrokinesis: missing dep: ""Arcane Transfer""Snake Nest: not reachableSeance: not reachableVacuokinesis: not reachable",
nori-mage-quetzalcoatl-1d70c6924fcd,122,Quetzalcoatl Revenant Arcanist ETWA,Mage,Quetzalcoatl,spell_sustained,migrated_incomplete_atree,106,20,45,0.4444444444444444,false,false,https://wynnbuilder.github.io/builder/#CM0vAsrdm28Cpk+WhPNVM0nKEAwGx4wnjZ3V1WtNzvwqT3,https://wynnbuilder.github.io/builder/#CX0vA6gFX5GOcXw3kcXwp28coHH7QdGFkXumN0gsxh+0,,
nori-mage-quetzalcoatl-406c11bb57fe,123,Revenant Quetz,Mage,Quetzalcoatl,spell_sustained|lootrun,broken_current_atree,106,44,45,0.9777777777777777,false,true,https://wynnbuilder.github.io/builder/#CM0W9sT0K03U0N32nmKEWVGx4wnjZB--vQhbT1,https://wynnbuilder.github.io/builder/#CX0W96w0e06y0k64YXfS0-Ws9qZR8kLx-FNRjiB,"ATree Error!Incandescence: missing dep: ""Ophanim""",
nori-mage-warp-b46429801581,124,Warp Riftwalker TWA Sorcery,Mage,Warp,spell_sustained,migrated_incomplete_atree,,0,45,0,false,,https://wynnbuilder.github.io/builder/#CM0yt0-CHW7Z7pJoJIQIQ2RY40NDOW2vn8F8jJGOpEN+-sRwEU6,https://wynnbuilder.github.io/builder/#CX0yt0-CHW7Z7pJoJIQIQ2RY40NDOW2vn8F8jJGOpGkL3,,decodeCraft is not defined
nori-mage-pure-8fbcd9a1cbd6,125,Pure Arcanist TWA,Mage,Pure,spell_sustained,broken_current_atree,,35,45,0.7777777777777778,false,,https://wynnbuilder.github.io/builder/#CM0qJG2EH06Jx16ZaHxHE2RY482mOQFmOaCQFoH8Ja0HWPYPoQoQoQoQ2SY4GvDir1Z7WrGUlodZpcT3,https://wynnbuilder.github.io/builder/#CX0qJG2EH06Jx16ZaHxHE2RY482mOQFmOaCQFoH8Ja0HWPYPoQoQoQoQ2SY4GvDir1Z7WrmgzUbF7dDx6,"ATree Error!Frozen Tornado: missing dep: ""Distortion""Cheaper Heal: not reachableMeteor Shower: missing dep: ""Distortion""Incandescence: missing dep: ""Ophanim""Judrajim: Arcanist: 11 < 12... 1 errors not shown",decodeCraft is not defined
nori-mage-pure-c95faf378444,126,Pure Arcanist Level Scale,Mage,Pure,spell_sustained,migrated_incomplete_atree,65,12,34,0.35294117647058826,false,true,https://wynnbuilder.github.io/builder/#CM0rKGb3SW1sSW6E4q0M7Ij1i6C506qxLy3hf1,https://wynnbuilder.github.io/builder/#CX0rKGb3SW1sSW6E4q0M7Ij1i6C506qxL0,,
nori-mage-warp-914a18730fbd,127,Warp Riftwalker EWA,Mage,Warp,spell_sustained|lootrun,migrated_incomplete_atree,106,0,45,0,false,true,https://wynnbuilder.github.io/builder/#CM0820W2KE1kQm05mm156kmWmczqPFWt12Am-tzckZR,https://wynnbuilder.github.io/builder/#CX0820W2KE1kQm05mm156kmWmcXfpU0l34KeQ0,,
nori-assassin-weathered-84f28e883248,128,Funambulist Spellshade Weathered,Assassin,Weathered,spell_sustained,current_functional_solver_seed,106,45,45,1,true,true,https://wynnbuilder.github.io/builder/#CM01+G0Eiw3CnW10G0H15c1mlcTEn1Y30wdtBhhcAO0,https://wynnbuilder.github.io/builder/#CX01+G0Eiw3CnW10G0H15c1mlcXSY3470LhVUlikQgW1,,
nori-mage-singularity-bc37938c9ed5,129,Madness Arcanist Singularity,Mage,Singularity,spell_sustained,broken_current_atree,106,26,45,0.5777777777777777,false,true,https://wynnbuilder.github.io/builder/#CM0p1ntFCn3O6WT8i3XA8am0jcN90mbtlPVZwl1,https://wynnbuilder.github.io/builder/#CX0p1ntFCn3O6WT8i3XA8am0jcQI0WRrU-czD0,"ATree Error!Distortion: missing dep: ""Etheric Slash""Frozen Tornado: missing dep: ""Distortion""",
nori-assassin-nullification-1c04c7c028ba,130,Conquered Skies Trickster Nullification,Assassin,Nullification,spell_sustained,migrated_incomplete_atree,106,0,45,0,false,true,https://wynnbuilder.github.io/builder/#CM0m-mtFy+3O6mM7C0GnEMbnicHEN10+dxaY+nduG,https://wynnbuilder.github.io/builder/#CX0m-mtFy+3O6mM7C0GnEMbnicJSk20L3,,
nori-mage-warp-4fc82b26aecb,131,boreal warp with discoverer,Mage,Warp,lootrun,broken_current_atree,106,19,45,0.4222222222222222,false,true,https://wynnbuilder.github.io/builder/#11_0eO0QU0r50QN0Fx0OW0K40OH0R10V0V0V1B2M1g1000FU01000FU1000FU1007lU0z0z0+0+0+0+0-1T2Y2Y2Z2Z2a2a401401401401401--PqclPB,https://wynnbuilder.github.io/builder/#CX0Pe6wyf16r6wWfPe3-32nG15amWmcXShs-V61,"ATree Error!Wisdom: blocked by: ""Wand Proficiency II""",
nori-warrior-thrundacrack-a170b11bfb46,132,Thrundacrack Fallen Battlemonk eTWf,Warrior,Thrundacrack,spell_sustained|lootrun,current_functional_solver_seed,106,43,45,0.9555555555555556,true,true,https://wynnbuilder.github.io/builder?v=16#9_0VR0u70uS0tv0050050TN0Ji0Qw0j2C110e021g010006C10006C10009I102J6I0z0z0+0+0+0+0-1TjNVz-cp0,https://wynnbuilder.github.io/builder/#CX0SV02kCETuoueVxaZ10C00M7QdmkcJQdj0GrQl+w-Dd10,,
nori-warrior-bloodbath-1989b45e6a67,133,Bloodbath Fallen ETwf,Warrior,Bloodbath,spell_sustained,broken_current_atree,,17,45,0.37777777777777777,false,,https://wynnbuilder.github.io/builder?v=16#9_07F0DP0030QzCR-19H9k9H9k9HAS9W91CR-19H9k9H9k9HAS9W9100WCR-19H9k9H9k9HAS9T910yb221u0j0y001g1000361000361000361000361001Z60z0z0+0+0+0+0-1T-Mznlxx0,https://wynnbuilder.github.io/builder/#CX0G7MuerOX31W5E+QMuHGKYRIKYRIK2d2OY441H9k9H9k9H9SAW9I0X0YWe4tae4tae4Ebk490JUBuWy0gslLV0,"ATree Error!Mantle of the Bovemists: missing dep: ""War Scream""Bak'al's Grasp: missing dep: ""War Scream""",decodeCraft is not defined
nori-mage-third-wish-ad52a1010c5e,134,Third Wish Arcanist Rainbow,Mage,Third Wish,spell_sustained,broken_current_atree,106,26,45,0.5777777777777777,false,true,https://wynnbuilder.github.io/builder?v=16#9_0z-0u80r50nB0WA0K00x40OH0xs0o0y0y0t0e1g0010009I10009I1004fI0z0z0+0+0+0+0-1TlVp+6pwB,https://wynnbuilder.github.io/builder/#CX00+G2EOKxa3JiJEBW8W25xG23txEnfC0KjtlPV3,"ATree Error!Distortion: missing dep: ""Etheric Slash""Frozen Tornado: missing dep: ""Distortion""",
nori-mage-quetzalcoatl-c739a7fb6782,135,Quetzalcoatl Crabs Arcanist Madness,Mage,Quetzalcoatl,spell_sustained|lootrun,broken_current_atree,106,19,45,0.4222222222222222,false,true,https://wynnbuilder.github.io/builder?v=16#9_0690Pf0D40QW0uP0vI0Wf0Ji0uy1G1C0y1V1H1g0000103tlU0z0z0+0+0+0+0k1T--PChlPB,https://wynnbuilder.github.io/builder/#CX0A6WQ6Kq0XQW6EcoXA8QdGFkXu1w20o4a7Wgz-dH,"ATree Error!Wisdom: blocked by: ""Wand Proficiency II""",
nori-mage-warp-4b83c865968d,136,Pande Warp Riftbender W/ Guild Tome,Mage,Warp,unclassified,migrated_incomplete_atree,106,14,45,0.3111111111111111,false,false,https://wynnbuilder.github.io/builder?v=16#9_0cD0F+0uj0wh0Xr0Xr0Wf0OH0R10l0v0+0l2M1g10009I1000FU10009I1000FU1004fU0z0z0+0+0+0+0-1TzZddqwtn2,https://wynnbuilder.github.io/builder/#CX0EcEvy-OeZBkJEiw6wO72xGe229C8iPOwMj+n3,,
nori-shaman-aftershock-a273f576a2d2,137,Tstack Aftershock (11th Hour + Crafted),Shaman,aftershock,tierstack,broken_current_atree,,13,45,0.28888888888888886,false,,https://wynnbuilder.github.io/builder?v=16#9_0uh0xOCR-19w9F9CAM8r9t9i910QzCR-18j9k8j9k9f7J9m910BK0BI0uH0QK1u1Q0010001g100036100036100036100036100niO0z0z0+0+0+0+0-1TjNT3ros2P0,https://wynnbuilder.github.io/builder/#CX0iuMuajRX71w9F9C9MAr8t9i9Im27VDBy8e5nDf5nD9DPw0EH2eQ1JBG27LQgfShMxLtG1,"ATree Error!Puppet Master: Summoner: 2 < 3Stagnation: not reachableCheaper Aura I: not reachableMore Puppets I: missing dep: ""Puppet Master""Exploding Puppets: missing dep: ""Puppet Master""",decodeCraft is not defined
nori-shaman-sunstar-39541a040a42,138,ETA Tstack Sunstar,Shaman,Sunstar,tierstack|melee,migrated_incomplete_atree,106,0,45,0,false,false,https://wynnbuilder.github.io/builder?v=16#9_0uZ0KF0PW0Qq0uP0Jf00W0OO0Qu161p-Z-Z181g000010036C0z0z0+0+0+0+0-1Tl7RkksM46,https://wynnbuilder.github.io/builder/#CX0au0454c1rQW6EKdG80omGkcCSh6,,
nori-assassin-cataclysm-524f4b491166,139,Acrobat Cataclysm,Assassin,Cataclysm,unclassified,migrated_incomplete_atree,106,11,45,0.24444444444444444,false,false,https://wynnbuilder.github.io/builder?v=16#10_0Au01+0r50tv0uP0A50K40OH0QQ0O2C1a0O0e1g10006C00010036C0z0z0+0+0+0+0-1T2Y2Y2Z2Z2a2ajNZ-YzsO0,https://wynnbuilder.github.io/builder/#CX0vAouy706rW+DeX335KG19Cif9378AGrQl6,,
