scenario,variant,reference_kind,reference_score,runs,failures,timeouts,no_result,completed,T99_hits,T99_total,T99_median_seconds,endpoint_scores
meta_archer_boltslinger_fast_hybrid_remove_6,alns_cyclic_warm6,best_known,155663.7797715262,3,0,3,0,0,3,3,0.6480592389998492,"[155663.7797715262, 155663.7797715262, 155663.7797715262]"
meta_archer_sharpshooter_heavy_melee_remove_6,alns_cyclic_warm6,best_known,38609.29024489125,3,0,3,0,0,3,3,0.09766712700002245,"[38609.29024489125, 38614.5491786066, 38614.5491786066]"
meta_archer_trapper_slow_melee_remove_6,alns_cyclic_warm6,best_known,25894.477810455217,3,0,3,0,0,3,3,0.0732249309985491,"[25894.477810455217, 25894.477810455217, 25894.477810455217]"
meta_assassin_acrobat_spellspam_remove_6,alns_cyclic_warm6,best_known,26124.68014511293,3,0,3,0,0,3,3,0.8106136599999445,"[26208.867721039467, 26208.867721039467, 26124.68014511293]"
meta_assassin_shadestepper_spellsteal_remove_6,alns_cyclic_warm6,best_known,54110.606244171206,3,0,3,0,0,3,3,0.07308575299975928,"[54110.606244171206, 54110.606244171206, 54110.606244171206]"
meta_assassin_trickster_spell_remove_6,alns_cyclic_warm6,best_known,79185.81130625762,3,0,3,0,0,3,3,0.08251341600043816,"[79750.24075865292, 79750.24075865292, 79750.24075865292]"
meta_mage_arcanist_meteor_remove_6,alns_cyclic_warm6,best_known,43293.54757315414,3,0,3,0,0,3,3,2.2209797210016404,"[44004.811679503546, 44734.31761146617, 44636.20793517082]"
meta_mage_light_bender_healing_remove_6,alns_cyclic_warm6,best_known,15807.210000011217,3,0,3,0,0,3,3,0.20902245400066022,"[21589.48500001532, 22343.715000015858, 22459.50000001594]"
meta_mage_riftwalker_cancelstack_remove_6,alns_cyclic_warm6,best_known,361768.68413388747,3,0,3,0,0,3,3,0.7833721050010354,"[361768.68413388747, 361768.68413388747, 361768.68413388747]"
meta_shaman_acolyte_healing_remove_6,alns_cyclic_warm6,best_known,12244.162500000002,3,0,3,0,0,3,3,2.3346695660002297,"[13536.075, 12441.6, 12516.0]"
meta_shaman_ritualist_tierstack_remove_6,alns_cyclic_warm6,best_known,267253.98139341245,3,0,3,0,0,3,3,0.29706697500296286,"[270347.23209168727, 270347.23209168727, 270347.23209168727]"
meta_shaman_summoner_aura_remove_6,alns_cyclic_warm6,best_known,8226.53937516732,3,0,3,0,0,3,3,0.07793974400192383,"[8338.179065491939, 8240.619551005759, 8240.619551005759]"
meta_warrior_battle_monk_uppercut_remove_6,alns_cyclic_warm6,best_known,25939.547280286744,3,0,3,0,0,3,3,0.21448068999961833,"[25939.547280286744, 26553.014737994446, 26553.014737994446]"
meta_warrior_fallen_uppercut_remove_6,alns_cyclic_warm6,best_known,38088.40528939774,3,0,3,0,0,3,3,1.464853015000699,"[38406.48487840332, 38088.40528939774, 37937.81358635021]"
meta_warrior_paladin_tank_remove_6,alns_cyclic_warm6,best_known,16445.296546915266,3,0,3,0,0,3,3,0.9083423259980918,"[16556.751793385876, 16556.751793385876, 16556.751793385876]"
fam_cancelstack_large,alns_cyclic_warm6,best_known,510715.00785697025,3,0,3,0,0,3,3,0.0586217249983747,"[510715.00785697025, 510715.00785697025, 510715.00785697025]"
fam_heavy_melee_large,alns_cyclic_warm6,best_known,37822.40581168717,3,0,3,0,0,3,3,0.041651921997981844,"[37822.40581168717, 37822.40581168717, 37822.40581168717]"
fam_tierstack_large,alns_cyclic_warm6,best_known,196090.0892544803,3,0,3,0,0,3,3,0.036623701998905744,"[196090.0892544803, 196090.0892544803, 196090.0892544803]"
fam_spellsteal_large,alns_cyclic_warm6,best_known,93162.6626560366,3,0,3,0,0,3,3,0.6776833240000997,"[93162.6626560366, 93162.6626560366, 93162.6626560366]"
fam_spell_sustained_large,alns_cyclic_warm6,best_known,1573331.1056414065,3,0,3,0,0,3,3,0.04709520499818609,"[1573331.1056414065, 1573331.1056414065, 1573331.1056414065]"
fam_hybrid_large,alns_cyclic_warm6,best_known,261937.07198258536,3,0,3,0,0,3,3,0.7830544819989882,"[262855.8060403939, 262855.8060403939, 262855.8060403939]"
gaia_all_free,alns_cyclic_warm6,best_known,324111.66069395555,3,0,3,0,0,3,3,0.1547367649982334,"[324111.66069395555, 324111.66069395555, 324111.66069395555]"
